datetime,duration_ms,status,keyword_status
2026-09-24T22:30:08+00:00,338,success,found
2026-09-25T00:44:28+00:00,576,success,found
2026-09-25T05:27:16+00:00,712,success,found
2026-09-25T10:27:48+00:00,785,success,found
2026-09-25T15:28:25+00:00,912,success,found
2026-09-25T19:27:59+00:00,987,success,found
2026-09-25T22:42:38+00:00,299,success,found
2026-09-26T00:54:46+00:00,1330,success,found
2026-09-26T05:52:54+00:00,578,success,found
2026-09-26T10:41:02+00:00,415,success,found
2026-09-26T14:44:35+00:00,259,success,found
2026-09-26T18:04:12+00:00,608,success,found
2026-09-26T21:04:17+00:00,188,success,found
2026-09-26T23:33:32+00:00,915,success,found
2026-09-27T01:44:49+00:00,1223,success,found
2026-09-27T07:09:32+00:00,725,success,found
2026-09-27T13:01:38+00:00,532,success,found
2026-09-27T17:40:54+00:00,502,success,found
2026-09-27T20:25:20+00:00,1370,success,found
2026-09-27T23:16:46+00:00,812,success,found
2026-09-28T01:45:18+00:00,685,success,found
2026-09-28T07:44:02+00:00,1193,success,found
2026-09-28T16:02:52+00:00,938,success,found
2026-09-28T21:53:04+00:00,417,success,found
2026-09-29T01:25:08+00:00,493,success,found
2026-09-29T07:18:30+00:00,1599,success,found
2026-09-29T14:09:13+00:00,1237,success,found
2026-09-29T19:24:59+00:00,548,success,found
2026-09-29T23:05:49+00:00,865,success,found
2026-09-30T02:04:07+00:00,1135,success,found
